id	name
0	3-dehydroquinate dehydratase. 
1	DNA ligase (ATP). DNA joinase. DNA repair enzyme. polydeoxyribonucleotide synthase (ATP). polynucleotide ligase (ATP). sealase.
2	threonine synthase. 
3	RNA-directed RNA polymerase. RNA nucleotidyltransferase (RNA-directed).
4	inositol-phosphate phosphatase. inositol-1(or 4)-monophosphatase. inositol 1-phosphatase. inositol monophosphate phosphatase. inositol phosphatase. L-myo-inositol-1-phosphate phosphatase. myo-inositol-1(or 4)-monophosphatase. myo-inositol-1(or 4)-phosphate phosphohydrolase. myo-inositol 1-phosphatase. myo-inositol-1-phosphatase. myo-inositol monophosphatase.
5	type II site-specific deoxyribonuclease. type II restriction enzyme.
6	beta-galactosidase. exo-(1->4)-beta-D-galactanase. lactase.
7	phosphoribosylformylglycinamidine synthase. FGAM synthase. FGAM synthetase. FGAR amidotransferase. FGARAT. formylglycinamide ribotide amidotransferase. phosphoribosylformylglycinamidine synthetase.
8	tryptophan synthase. indoleglycerol phosphate aldolase. L-tryptophan synthetase. tryptophan desmolase. tryptophan synthetase.
9	methionyl aminopeptidase. methionine aminopeptidase. peptidase M.
10	5-(carboxyamino)imidazole ribonucleotide synthase. N(5)-CAIR synthetase. N(5)-carboxyaminoimidazole ribonucleotide synthetase.
11	Transferred entry: 3.1.21.10. 
12	aralkylamine N-acetyltransferase. AANAT. arylalkylamine N-acetyltransferase. melatonin rhythm enzyme. serotonin acetylase. serotonin acetyltransferase. serotonin N-acetyltransferase.
13	pantetheine-phosphate adenylyltransferase. 3'-dephospho-CoA pyrophosphorylase. dephospho-CoA diphosphorylase. dephospho-CoA pyrophosphorylase. dephospho-coenzyme A pyrophosphorylase. phosphopantetheine adenylyltransferase. PPAT.
14	cellulase. avicelase. beta-1,4-endoglucan hydrolase. beta-1,4-glucanase. carboxymethyl cellulase. celludextrinase. endo-1,4-beta-D-glucanase. endo-1,4-beta-D-glucanohydrolase. endo-1,4-beta-glucanase. endoglucanase.
15	glucokinase. glucose kinase.
16	palmitoyl-CoA hydrolase. long-chain fatty-acyl-CoA hydrolase.
17	H(+)-transporting two-sector ATPase. ATP synthase. chloroplast ATPase. F0F1-ATPase. F1-ATPase. FoF1-ATPase. H(+)-transporting ATPase. H(+)-transporting ATP synthase. mitochondrial ATPase.
18	cGMP-dependent protein kinase. 3':5'-cyclic GMP-dependent protein kinase. cGMP-dependent protein kinase Ibeta. guanosine 3':5'-cyclic monophosphate-dependent protein kinase. PKG. PKG 1alpha. PKG 1beta. PKG II.
19	glucan 1,4-alpha-glucosidase. 4-alpha-D-glucan glucohydrolase. amyloglucosidase. exo-1,4-alpha-glucosidase. gamma-amylase. glucoamylase. lysosomal alpha-glucosidase.
20	heme oxygenase (biliverdin-producing). heme oxidase. heme oxygenase. heme oxygenase (decyclizing).
21	diaminopimelate decarboxylase. DAP decarboxylase. meso-2,6-diaminoheptanedioate carboxy-lyase.
22	molybdopterin synthase. MPT synthase.
23	beta-lactamase. cephalosporinase. penicillinase.
24	guanylate cyclase. guanyl cyclase. guanylyl cyclase.
25	threonine--tRNA ligase. threonine translase. threonyl-tRNA synthetase.
26	phenylalanine 4-monooxygenase. PAH. phenylalaninase. phenylalanine 4-hydroxylase. phenylalanine hydroxylase.
27	tRNA (adenine(58)-N(1))-methyltransferase. tRNA (m(1)A(58)) methyltransferase. tRNA m(1)A(58) methyltransferase.
28	2-C-methyl-D-erythritol 4-phosphate cytidylyltransferase. 4-diphosphocytidyl-2-C-methyl-D-erythritol synthase. MCT. MEP cytidylyltransferase.
29	endopeptidase Clp. caseinolytic protease. endopeptidase Ti. protease Ti.
30	3-oxoacyl-[acyl-carrier-protein] reductase. 
31	nitrile hydratase. nitrilase. nitrile hydro-lyase.
32	cysteine desulfurase. cysteine desulfurylase.
33	microtubule-severing ATPase. katanin.
34	pectate lyase. alpha-1,4-D-endopolygalacturonic acid lyase. endo-alpha-1,4-polygalacturonic acid lyase. endogalacturonate transeliminase. endopectin methyltranseliminase. pectate transeliminase. pectic acid lyase. pectic acid transeliminase. pectic lyase. pectin trans-eliminase. PGA lyase. polygalacturonate lyase. polygalacturonic acid lyase. polygalacturonic acid trans-eliminase. polygalacturonic transeliminase. PPase-N.
35	1,4-alpha-glucan branching enzyme. amylo-(1,4->1,6)-transglycosylase. amylo-(1,4 to 1,6)transglucosidase. branching enzyme. glycogen branching enzyme.
36	caspase-7. apoptotic protease Mch-3. CASP-7. CMH-1. ICE-LAP3. ICE-like apoptotic protease 3. Mch3.
37	acylphosphatase. acylphosphate phosphohydrolase.
38	adenylosuccinate synthase. adenylosuccinate synthetase. IMP--aspartate ligase. succinoadenylic kinosynthetase.
39	arginine--tRNA ligase. arginine translase. arginyl-tRNA synthetase.
40	hydrogenase (acceptor). H2 producing hydrogenase. hydrogenlyase. hydrogen-lyase. uptake hydrogenase.
41	DNA-(apurinic or apyrimidinic site) lyase. AP endonuclease class I. AP lyase. deoxyribonuclease (apurinic or apyrimidinic). E.coli endonuclease III. endodeoxyribonuclease (apurinic or apyrimidinic). Micrococcus luteus UV endonuclease. phage-T4 UV endonuclease.
42	alpha-amylase. glycogenase.
43	proline--tRNA ligase. proline translase. prolyl-tRNA synthetase.
44	F-actin monooxygenase. 
45	xylan 1,4-beta-xylosidase. 1,4-beta-D-xylan xylohydrolase. beta-xylosidase. exo-1,4-beta-xylosidase. xylobiase.
46	S-methyl-5-thioribose-1-phosphate isomerase. 1-phospho-5'-S-methylthioribose isomerase. 1-PMTR isomerase. 5-methylthio-5-deoxy-D-ribose-1-phosphate ketol-isomerase. 5-methylthioribose-1-phosphate isomerase. methylthioribose 1-phosphate isomerase. MTR-1-P isomerase. S-methyl-5-thio-5-deoxy-D-ribose-1-phosphate aldose-ketose-isomerase. S-methyl-5-thio-5-deoxy-D-ribose-1-phosphate ketol-isomerase. S-methyl-5-thio-D-ribose-1-phosphate aldose-ketose-isomerase.
47	uracil-DNA glycosylase. uracil DNA glycohydrolase. uracil-DNA N-glycosylase.
48	DNA-directed RNA polymerase. DNA-dependent RNA polymerase. RNA nucleotidyltransferase (DNA-directed). RNA polymerase I. RNA polymerase II. RNA polymerase III.
49	nitrogenase. 
50	phenylalanine--tRNA ligase. phenylalanine translase. phenylalanyl-tRNA synthetase.
51	peptidase Do. high temperature requirement protease A. HrtA heat shock protein. protease Do.
52	togavirin. NsP2 proteinase. Sindbis virus protease.
53	peroxidase. lactoperoxidase.
54	dihydroorotase. carbamoylaspartic dehydrase. DHOase.
55	pancreatic ribonuclease. pancreatic RNase. ribonuclease I. RNase. RNase A. RNase I.
56	homoserine kinase. 
57	NADH:ubiquinone reductase (Na(+)-transporting). Na(+)-NQR. Na(+)-translocating NADH-quinone reductase.
58	UMP kinase. UMPK. UMP-kinase. uridine monophosphate kinase. uridylate kinase.
59	pullulanase. alpha-dextrin endo-1,6-alpha-glucosidase. amylopectin 6-glucanohydrolase. debranching enzyme. limit dextrinase. pullulan 6-glucanohydrolase.
60	3-phosphoshikimate 1-carboxyvinyltransferase. 3-enol-pyruvoylshikimate-5-phosphate synthase. 5-enolpyruvylshikimate-3-phosphate synthase. EPSP synthase.
61	GTP cyclohydrolase I. 
62	glutathione transferase. glutathione S-alkyltransferase. glutathione S-aralkyltransferase. glutathione S-aryltransferase. S-(hydroxyalkyl)glutathione lyase.
63	pantothenate kinase. ATP:pantothenate 4'-phosphotransferase. D-pantothenate kinase. pantothenate kinase (phosphorylating). pantothenic acid kinase.
64	guanylate kinase. deoxyguanylate kinase. GMP kinase. guanosine monophosphate kinase.
65	orotidine-5'-phosphate decarboxylase. OMPdcase. OMP decarboxylase. orotidine-5'-phosphate carboxy-lyase. orotidylic decarboxylase. UMP synthase. uridine 5'-monophosphate synthase.
66	UDP-N-acetylmuramate dehydrogenase. UDP-GlcNAc-enoylpyruvate reductase. UDP-N-acetylenolpyruvoylglucosamine reductase. UDP-N-acetylglucosamine-enoylpyruvate reductase. uridine diphosphoacetylpyruvoylglucosamine reductase. uridine diphospho-N-acetylglucosamine-enolpyruvate reductase.
67	orotate phosphoribosyltransferase. OPRT. orotidine-5'-phosphate diphosphorylase. orotidine-5'-phosphate pyrophosphorylase. orotidylic acid phosphorylase.
68	alcohol dehydrogenase. aldehyde reductase.
69	diamine N-acetyltransferase. acetyl-coenzyme A-1,4-diaminobutane N-acetyltransferase. diamine acetyltransferase. putrescine (diamine)-acetylating enzyme. putrescine acetylase. putrescine acetyltransferase. putrescine N-acetyltransferase. spermidine acetyltransferase. spermidine N(1)-acetyltransferase.
70	cysteine synthase. acetylserine sulfhydrylase. cysteine synthetase. O(3)-acetyl-L-serine acetate-lyase (adding hydrogen-sulfide). O-acetyl-L-serine sulfhydrylase. O-acetyl-L-serine sulfohydrolase. O-acetylserine (thiol)-lyase. O-acetylserine (thiol)-lyase A. O-acetylserine sulfhydrylase. OAS sulfhydrylase.
71	nicotinate-nucleotide diphosphorylase (carboxylating). nicotinate-nucleotide pyrophosphorylase (carboxylating). quinolinate phosphoribosyltransferase (decarboxylating).
72	ribonuclease T2. ribonuclease II.
73	receptor protein serine/threonine kinase. activin receptor kinase. receptor serine/threonine protein kinase. receptor type II serine/threonine protein kinase. receptor type I serine/threonine protein kinase. TGF-beta kinase.
74	ribokinase. 
75	ATP citrate synthase. acetyl-CoA:oxaloacetate acetyltransferase (isomerizing; ADP- phosphorylating). adenosine triphosphate citrate lyase. ATP:citrate oxaloacetate-lyase [(pro-S)-CH2COO(-)->acetyl-CoA] (ATP- dephosphorylating). ATP citrate (pro-S)-lyase. ATP-citrate (pro-S-)-lyase. ATP-citric lyase. citrate-ATP lyase. citrate cleavage enzyme. citric cleavage enzyme.
76	protein kinase C. calcium/phospholipid dependent protein kinase. calcium-dependent protein kinase C. calcium-independent protein kinase C. cPKC. nPKC. PKC.
77	mannan-binding lectin-associated serine protease-2. mannan-binding lectin-associated serine peptidase 2. mannose-binding lectin-associated serine protease-2. MASP2. MASP-2. MBP-associated serine protease-2.
78	UTP--glucose-1-phosphate uridylyltransferase. glucose-1-phosphate uridylyltransferase. UDP-glucose diphosphorylase. UDP-glucose pyrophosphorylase.
79	DNA topoisomerase. DNA topoisomerase I. nicking-closing enzyme. omega-protein. relaxing enzyme. swivelase. type I DNA topoisomerase. untwisting enzyme.
80	indole-3-glycerol-phosphate synthase. indoleglycerol phosphate synthetase.
81	ATP phosphoribosyltransferase. phosphoribosyl-ATP diphosphorylase. phosphoribosyl-ATP pyrophosphorylase.
82	dihydroorotate dehydrogenase (quinone). DHOD. DHOdehase. DHODH.
83	nucleoside-diphosphate kinase. NDK. nucleoside 5'-diphosphate phosphotransferase. nucleoside diphosphokinase.
84	protein-tyrosine-phosphatase. phosphotyrosine phosphatase. PTPase.
85	histone acetyltransferase. lysine acetyltransferase. protein lysine acetyltransferase.
86	alcohol dehydrogenase (NADP(+)). aldehyde reductase (NADPH).
87	cyclin-dependent kinase. cdc2 kinase. cdk-activating kinase. Cdk-activating protein kinase.
88	cystathionine beta-synthase. beta-thionase. methylcysteine synthase. serine sulfhydrase.
89	protein disulfide-isomerase. S-S rearrangase.
90	glutaminase. L-glutamine amidohydrolase.
91	DNA topoisomerase (ATP-hydrolyzing). DNA gyrase. DNA topoisomerase II. type II DNA topoisomerase.
92	tyrosine--tRNA ligase. L-tyrosine-tRNA(Tyr) ligase (AMP-forming). tyrosine-transfer ribonucleate synthetase. tyrosine-transfer RNA ligase. tyrosine translase. tyrosine tRNA synthetase. tyrosyl-transfer ribonucleate synthetase. tyrosyl-transfer ribonucleic acid synthetase. tyrosyl-transfer RNA synthetase. tyrosyl-tRNA ligase. tyrosyl-tRNA synthetase.
93	proton-translocating NAD(P)(+) transhydrogenase. 
94	3'(2'),5'-bisphosphate nucleotidase. 3'(2'),5'-bisphosphonucleoside 3'(2')-phosphohydrolase. 3'-phosphoadenylylsulfate 3'-phosphatase. DPNPase. phosphoadenylate 3'-nucleotidase.
95	4a-hydroxytetrahydrobiopterin dehydratase. 4alpha-hydroxy-tetrahydropterin dehydratase. pterin-4alpha-carbinolamine dehydratase. tetrahydrobiopterin dehydratase.
96	aspartate 1-decarboxylase. aspartate alpha-decarboxylase. L-aspartate 1-carboxy-lyase.
97	aspartate kinase. aspartokinase.
98	Transferred entry: 7.1.2.2. 
99	glycogen phosphorylase. amylophosphorylase. muscle phosphorylase a and b. polyphosphorylase.
100	ferredoxin hydrogenase. bidirectional hydrogenase. H2 oxidizing hydrogenase. H2 producing hydrogenase. hydrogenase. hydrogenase (ferredoxin). hydrogenase I. hydrogenase II. hydrogenlyase. hydrogen-lyase. uptake hydrogenase.
101	FMN-dependent NADH-azoreductase. 
102	mannan endo-1,4-beta-mannosidase. beta-mannanase. endo-1,4-mannanase.
103	(S)-2-haloacid dehalogenase. 2-haloacid dehalogenase. 2-haloacid halidohydrolase. 2-haloalkanoic acid dehalogenase. 2-haloalkanoid acid halidohydrolase. 2-halocarboxylic acid dehalogenase II. DL-2-haloacid dehalogenase. halocarboxylic acid halidohydrolase. L-2-haloacid dehalogenase. L-DEX.
104	phosphoserine transaminase. 3-phosphoserine aminotransferase. 3PHP transaminase. hydroxypyruvic phosphate--glutamic transaminase. L-phosphoserine aminotransferase. phosphohydroxypyruvate transaminase. phosphohydroxypyruvic--glutamic transaminase. phosphoserine aminotransferase. PSAT.
105	D-aminoacyl-tRNA deacylase. D-tyrosyl-tRNA(Tyr) aminoacylhydrolase. D-Tyr-tRNA(Tyr) deacylase.
106	nicotinate-nucleotide adenylyltransferase. Deamido-NAD(+) diphosphorylase. deamido-NAD(+) pyrophosphorylase.
107	alanine--tRNA ligase. alanine translase. alanyl-tRNA synthetase.
108	dihydropteroate synthase. DHPS. dihydropteroate diphosphorylase. dihydropteroate pyrophosphorylase.
109	phosphoribosylglycinamide formyltransferase 1. 2-amino-N-ribosylacetamide 5'-phosphate transformylase. 5,10-methenyltetrahydrofolate:2-amino-N-ribosylacetamide ribonucleotide transformylase. 5'-phosphoribosylglycinamide transformylase. GAR formyltransferase. GART. GAR TFase. GAR transformylase. glycinamide ribonucleotide transformylase.
110	aminoglycoside N(3)-acetyltransferase. 3-aminoglycoside acetyltransferase. aminoglycoside 3-N-acetyltransferase.
111	alpha-glucosidase. acid maltase. glucoinvertase. glucosidosucrase. lysosomal alpha-glucosidase. maltase. maltase-glucoamylase.
112	thymidylate synthase (FAD). FDTS. flavin dependent thymidylate synthase.
113	membrane alanyl aminopeptidase. amino-oligopeptidase. aminopeptidase M. aminopeptidase N. membrane alanine aminopeptidase. membrane aminopeptidase I. microsomal aminopeptidase. particle-bound aminopeptidase. peptidase E.
114	Transferred entry: 2.3.2.23, 2.3.2.27 and 6.2.1.45. 
115	non-reducing end alpha-L-arabinofuranosidase. alpha-L-arabinofuranosidase. arabinofuranosidase. arabinosidase.
116	N-acetylneuraminate lyase. N-acetylneuraminate pyruvate-lyase. N-acetylneuraminic acid aldolase.
117	methylated-DNA--[protein]-cysteine S-methyltransferase. 6-O-methylguanine-DNA methyltransferase. O-6-methylguanine-DNA-alkyltransferase.
118	protein-serine/threonine phosphatase. protein phosphatase-1. protein phosphatase-2A. protein phosphatase-2B. protein phosphatase-2C. serine/threonine specific protein phosphatase.
119	bontoxilysin. botulinum neurotoxin.
120	carbonyl reductase (NADPH). aldehyde reductase I. NADPH-dependent carbonyl reductase. prostaglandin 9-ketoreductase. xenobiotic ketone reductase.
121	glutaminyl-peptide cyclotransferase. glutaminyl cyclase. glutaminyl-tRNA cyclotransferase.
122	lactoylglutathione lyase. (R)-S-lactoylglutathione methylglyoxal-lyase (isomerizing). aldoketomutase. glyoxalase I. ketone-aldehyde mutase. methylglyoxalase.
123	glutamate--tRNA ligase. glutamic acid translase. glutamyl-tRNA synthetase.
124	aspartate-semialdehyde dehydrogenase. ASA dehydrogenase. aspartic semialdehyde dehydrogenase. L-aspartate-beta-semialdehyde dehydrogenase.
125	glutamate decarboxylase. L-glutamate 1-carboxy-lyase.
126	holo-[acyl-carrier-protein] synthase. 4'-phosphopantetheinyl transferase. ACPS. acyl carrier protein holoprotein (holo-ACP) synthetase. acyl carrier protein synthase. acyl carrier protein synthetase. alphaaminoadipic semialdehyde dehydrogenase-phosphopantetheinyl transferase. holo-ACP synthase. holo-ACP synthetase. holosynthase. L-aminoadipate-semialdehyde dehydrogenase-phosphopantetheinyl transferase. P-pant transferase. PPTase.
127	tRNA (guanine(37)-N(1))-methyltransferase. transfer RNA (m(1)G(37)) methyltransferase. tRNA (m(1)G(37)) methyltransferase. tRNA-(N(1)G37) methyltransferase.
128	diguanylate cyclase. DGC.
129	protein adenylyltransferase. AMPylase.
130	dTDP-4-dehydrorhamnose 3,5-epimerase. dTDP-4-keto-6-deoxyglucose 3,5-epimerase. dTDP-L-rhamnose synthetase. thymidine diphospho-4-ketorhamnose 3,5-epimerase.
131	leucyl aminopeptidase. cytosol aminopeptidase. leucine aminopeptidase. peptidase S.
132	anthranilate synthase. 
133	(2E,6E)-farnesyl diphosphate synthase. farnesyl-diphosphate synthase. farnesyl pyrophosphate synthetase. FPP synthetase. geranyltranstransferase.
134	1-deoxy-D-xylulose-5-phosphate reductoisomerase. 1-deoxyxylulose-5-phosphate reductoisomerase. DXP-reductoisomerase.
135	haloalkane dehalogenase. 1-chlorohexane halidohydrolase.
136	exo-alpha-sialidase. alpha-neuraminidase. N-acylneuraminate glycohydrolase. neuraminidase. sialidase.
137	coagulation factor VIIa. 
138	beta-glucosidase. amygdalase. beta-D-glucoside glucohydrolase. cellobiase. gentobiase.
139	3',5'-cyclic-AMP phosphodiesterase. cAMP-specific PDE. cAMP-specific phosphodiesterase.
140	2-dehydropantoate 2-reductase. ketopantoate reductase. ketopantoic acid reductase. KPA reductase.
141	inorganic diphosphatase. diphosphate phosphohydrolase. inorganic pyrophosphatase. pyrophosphate phosphohydrolase.
142	adenosylmethionine decarboxylase. S-adenosyl-L-methionine carboxy-lyase. S-adenosyl-L-methionine decarboxylase.
143	enoyl-[acyl-carrier-protein] reductase (NADH). enoyl-ACP reductase. NADH-enoyl acyl carrier protein reductase. NADH-specific enoyl-ACP reductase.
144	tryptophan--tRNA ligase. L-tryptophan-tRNA(Trp) ligase (AMP-forming). TrpRS. tryptophan translase. tryptophanyl ribonucleic synthetase. tryptophanyl-transfer ribonucleate synthetase. tryptophanyl-transfer ribonucleic acid synthetase. tryptophanyl-transfer ribonucleic synthetase. tryptophanyl-transfer RNA synthetase. tryptophanyl-tRNA synthase. tryptophanyl-tRNA synthetase.
145	arginase. arginine amidinase. canavanase.
146	beta-agarase. agarase. endo-beta-agarase.
147	ribulose-bisphosphate carboxylase. carboxydismutase. diphosphoribulose carboxylase. D-ribulose-1,5-bisphosphate carboxylase. D-ribulose 1,5-diphosphate carboxylase. ribulose 1,5-bisphosphate carboxylase. ribulose 1,5-bisphosphate carboxylase/oxygenase. ribulose 1,5-diphosphate carboxylase. ribulose 1,5-diphosphate carboxylase/oxygenase. ribulose bisphosphate carboxylase/oxygenase. ribulose diphosphate carboxylase. ribulose diphosphate carboxylase/oxygenase. RuBisCO. RuBP carboxylase.
148	P-type Ca(2+) transporter. Ca(2+)-transporting ATPase. calcium pump. calcium-translocating P-type ATPase.
149	vesicle-fusing ATPase. 
150	3-deoxy-manno-octulosonate-8-phosphatase. 
151	Transferred entry: 5.6.1.8. 
152	quinol--cytochrome-c reductase. complex III (mitochondrial electron transport). cytochrome bc1 complex. ubiquinol--cytochrome-c reductase. ubiquinone--cytochrome-c oxidoreductase.
153	small monomeric GTPase. 
154	adenosine deaminase. adenosine aminohydrolase.
155	E2 ubiquitin-conjugating enzyme. ubiquitin-carrier-protein E2. ubiquitin-conjugating enzyme E2.
156	shikimate kinase. 
157	Transferred entry: 7.1.2.2. 
158	aspartate transaminase. aspartate aminotransferase. glutamic--aspartic transaminase. glutamic--oxaloacetic transaminase. transaminase A.
159	complement subcomponent C1r. 
160	arginine decarboxylase. L-arginine carboxy-lyase.
161	anthranilate phosphoribosyltransferase. phosphoribosyl-anthranilate diphosphorylase. phosphoribosyl-anthranilate pyrophosphorylase.
162	superoxide dismutase. 
163	aspartate--tRNA ligase. aspartic acid translase. aspartyl-tRNA synthetase.
164	mitogen-activated protein kinase kinase kinase. MAP3K. MAP kinase kinase kinase. MAPKKK. MEKK. MEK kinase. MLK-like mitogen-activated protein triple kinase. MLTK.
165	4-hydroxy-tetrahydrodipicolinate synthase. DHDPS. dihydrodipicolinate synthetase.
166	dihydrofolate reductase. tetrahydrofolate dehydrogenase.
167	leucine--tRNA ligase. leucine translase. leucyl-tRNA synthetase.
168	ADP-ribose diphosphatase. adenosine diphosphoribose pyrophosphatase. ADP-ribose phosphohydrolase. ADP-ribose pyrophosphatase. ADP-ribose ribophosphohydrolase. ADPR-PPase.
169	acetate kinase. acetate kinase (phosphorylating). acetic kinase. acetokinase. AK.
170	dihydroneopterin aldolase. 2-amino-4-hydroxy-6-(D-erythro-1,2,3-trihydroxypropyl)-7,8- dihydropteridine glycolaldehyde-lyase. 7,8-dihydroneopterin aldolase.
171	tRNA-intron lyase. tRNA splicing endonuclease.
172	methionine synthase. 5-methyltetrahydrofolate--homocysteine S-methyltransferase. 5-methyltetrahydrofolate--homocysteine transmethylase. B12 N(5)-methyltetrahydrofolate homocysteine methyltransferase. cobalamin-dependent methionine synthase. methionine synthase (cobalamin-dependent). methionine synthetase. methyltetrahydrofolate--homocysteine vitamin B12 methyltransferase. N(5)-methyltetrahydrofolate--homocysteine cobalamin methyltransferase. N(5)-methyltetrahydrofolate methyltransferase. N(5)-methyltetrahydrofolic--homocysteine vitamin B12 transmethylase. N-methyltetrahydrofolate:L-homocysteine methyltransferase. tetrahydrofolate methyltransferase. tetrahydropteroylglutamate methyltransferase. tetrahydropteroylglutamic methyltransferase. vitamin B12 methyltransferase.
173	dTMP kinase. thymidylate kinase. thymidylic acid kinase. TMPK.
174	fructose-bisphosphate aldolase. aldolase. D-fructose-1,6-bisphosphate D-glyceraldehyde-3-phosphate-lyase. fructose-1,6-bisphosphate triosephosphate-lyase.
175	phospholipase A2. lecithinase A. phosphatidase. phosphatidolipase. phosphatidylcholine 2-acylhydrolase.
176	beta-N-acetylhexosaminidase. beta-hexosaminidase. hexosaminidase. N-acetyl-beta-glucosaminidase.
177	homoserine dehydrogenase. 
178	carbonic anhydrase. carbonate dehydratase. carbonate hydro-lyase. carbonic dehydratase.
179	carboxypeptidase Taq. carboxypeptidase 1.
180	HECT-type E3 ubiquitin transferase. HECT E3 ligase. ubiquitin transferase HECT-E3.
181	alpha-mannosidase. 
182	hydroxyisourate hydrolase. 5-hydroxyisourate hydrolase. HIUHase.
183	diphosphomevalonate decarboxylase. mevalonate diphosphate decarboxylase. mevalonate pyrophosphate decarboxylase.
184	deoxyribonuclease IV. deoxyribonuclease IV (phage T4-induced). endodeoxyribonuclease IV (phage T4-induced). endonuclease II. endonuclease IV.
185	fructose-bisphosphatase. fructose 1,6-bisphosphatase. hexose diphosphatase.
186	alanine racemase. 
187	3',5'-cyclic-nucleotide phosphodiesterase. cyclic AMP phosphodiesterase.
188	adenylosuccinate lyase. adenylosuccinase. succino AMP-lyase.
189	isopentenyl-diphosphate Delta-isomerase. IPP isomerase. isopentenylpyrophosphate Delta-isomerase. isopentenylpyrophosphate isomerase. methylbutenylpyrophosphate isomerase.
190	proteasome endopeptidase complex. ingensin. Lens neutral proteinase. macropain. multicatalytic endopeptidase complex. multicatalytic proteinase (complex). prosome. proteasome.
191	alpha-galactosidase. melibiase.
192	licheninase. 1,3-1,4-beta-D-glucan 4-glucanohydrolase. beta-glucanase. endo-beta-1,3-1,4 glucanase. lichenase. mixed linkage beta-glucanase.
193	methane monooxygenase (soluble). methane hydroxylase.
194	acyl-[acyl-carrier-protein]--UDP-N-acetylglucosamine O-acyltransferase. acyl-[acyl-carrier-protein]-UDP-N-acetylglucosamine O-acyltransferase. UDP-N-acetylglucosamine acyltransferase.
195	RING-type E3 ubiquitin transferase. RING E3 ligase. ubiquitin transferase RING E3.
196	NADH:ubiquinone reductase (H(+)-translocating). coenzyme Q reductase. complex I (electron transport chain). complex I (mitochondrial electron transport). dihydronicotinamide adenine dinucleotide-coenzyme Q reductase. DPNH-coenzyme Q reductase. DPNH-ubiquinone reductase. electron transfer complex I. mitochondrial electron transport complex 1. mitochondrial electron transport complex I. NADH coenzyme Q1 reductase. NADH-coenzyme Q reductase. NADH-CoQ oxidoreductase. NADH-CoQ reductase. NADH dehydrogenase (ubiquinone). NADH-ubiquinone oxidoreductase. NADH-ubiquinone reductase. reduced nicotinamide adenine dinucleotide-coenzyme Q reductase. ubiquinone reductase.
197	DNA (cytosine-5-)-methyltransferase. cytosine 5-methyltransferase. cytosine DNA methylase. cytosine DNA methyltransferase. cytosine-specific DNA methyltransferase. deoxyribonucleate methylase. deoxyribonucleate methyltransferase. deoxyribonucleic (cytosine-5-)-methyltransferase. deoxyribonucleic acid (cytosine-5-)-methyltransferase. deoxyribonucleic acid methylase. deoxyribonucleic acid methyltransferase. deoxyribonucleic acid modification methylase. deoxyribonucleic methylase. DNA 5-cytosine methylase. DNA-cytosine 5-methylase. DNA cytosine C(5) methylase. DNA cytosine methylase. DNA-cytosine methyltransferase. DNA methylase. DNA methyltransferase. DNA transmethylase. methylphosphotriester-DNA methyltransferase. modification methylase. restriction-modification system. site-specific DNA-methyltransferase (cytosine-specific). Type II DNA methylase.
198	endo-1,4-beta-xylanase. 
199	catechol oxidase. diphenol oxidase. o-diphenolase. phenolase. polyphenol oxidase. tyrosinase.
200	tRNA pseudouridine(55) synthase. Psi(55) synthase. Psi(55) tRNA pseudouridine synthase. tRNA pseudouridine 55 synthase. tRNA Psi(55) synthase.
201	Transferred entry: 7.1.1.9. 
202	protein O-GlcNAcase. glycoside hydrolase O-GlcNAcase. OGA. O-GlcNAcase. O-GlcNAc hydrolase.
203	L-threonine 3-dehydrogenase. TDH.
204	enoyl-CoA hydratase. enoyl hydrase. unsaturated acyl-CoA hydratase.
205	cathepsin L. 
206	RNA ligase (ATP). polyribonucleotide synthase (ATP). ribonucleic ligase.
207	phosphoinositide phospholipase C. 1-phosphatidyl-D-myo-inositol-4,5-bisphosphate inositoltrisphosphohydrolase. 1-phosphatidylinositol-4,5-bisphosphate phosphodiesterase. monophosphatidylinositol phosphodiesterase. phosphatidylinositol phospholipase C. phosphoinositidase C. PI-PLC. triphosphoinositide phosphodiesterase.
208	trypsin. alpha-trypsin. beta-trypsin.
209	acetyl-CoA C-acetyltransferase. acetoacetyl-CoA thiolase.
210	poly(A)-specific ribonuclease. 
211	NAD(P)H dehydrogenase (quinone). azoreductase. dehydrogenase, reduced nicotinamide adenine dinucleotide (phosphate, quinone). diaphorase. DT-diaphorase. flavoprotein NAD(P)H-quinone reductase. menadione oxidoreductase. menadione reductase. NAD(P)H:(quinone-acceptor)oxidoreductase. NAD(P)H: menadione oxidoreductase. NAD(P)H2 dehydrogenase (quinone). NAD(P)H dehydrogenase. NAD(P)H menadione reductase. NAD(P)H-quinone dehydrogenase. NAD(P)H-quinone oxidoreductase. NADH-menadione reductase. naphthoquinone reductase. p-benzoquinone reductase. phylloquinone reductase. quinone reductase. reduced NAD(P)H dehydrogenase. reduced nicotinamide-adenine dinucleotide (phosphate) dehydrogenase. viologen accepting pyridine nucleotide oxidoreductase. vitamin K reductase. vitamin-K reductase.
212	beta-ketoacyl-[acyl-carrier-protein] synthase III. 3-ketoacyl-acyl carrier protein synthase III. 3-oxoacyl:ACP synthase III. beta-ketoacyl (acyl carrier protein) synthase III. beta-ketoacyl-ACP synthase III. beta-ketoacyl-acyl carrier protein synthase III. KASIII. KAS III.
213	serine-type D-Ala-D-Ala carboxypeptidase. D-alanyl-D-alanine carboxypeptidase. DD-peptidase. DD-transpeptidase.
214	16S rRNA (uracil(1498)-N(3))-methyltransferase. m(3)U(1498) specific methyltransferase.
215	receptor protein-tyrosine kinase. receptor protein tyrosine kinase.
216	adenylate cyclase. 3',5'-cyclic AMP synthetase. adenyl cyclase. adenylyl cyclase. ATP pyrophosphate-lyase.
217	sulfate adenylyltransferase. ATP-sulfurylase. sulfate adenylate transferase. sulfurylase.
218	6,7-dimethyl-8-ribityllumazine synthase. lumazine synthase.
219	coagulation factor IXa. Christmas factor.
220	glutathione synthase. glutathione synthetase. GSH synthetase.
221	purine nucleosidase. IAG-NH. IAG-nucleoside hydrolase. inosine-adenosine-guanosine preferring nucleoside hydrolase. N-D-ribosylpurine ribohydrolase. N-ribosyl purine ribohydrolase. nucleosidase. nucleosidase g. nucleoside hydrolase. purine beta-ribosidase. purine nucleoside hydrolase. purine ribonucleosidase. purine-specific nucleoside N-ribohydrolase. ribonucleoside hydrolase.
222	phosphoglycerate kinase. 
223	signal peptidase I. bacterial leader peptidase I. phage-procoat-leader peptidase. SPase I.
224	D-alanine--D-alanine ligase. alanine:alanine ligase (ADP-forming). alanylalanine synthetase. D-Ala-D-Ala synthetase. D-alanylalanine synthetase. D-alanyl-D-alanine synthetase.
225	rRNA N-glycosylase. rRNA N-glycosidase.
226	triose-phosphate isomerase. phosphotriose isomerase. triosephosphate isomerase. triosephosphate mutase. triose phosphoisomerase.
227	adenylate kinase. adenylic kinase. adenylokinase. myokinase.
228	dual-specificity kinase. 
229	pyrroline-5-carboxylate reductase. P5CR.
230	beta-glucuronidase. 
231	endopeptidase La. ATP-dependent protease La. ATP-dependent serine proteinase.
232	cytidine deaminase. (deoxy)cytidine deaminase. cytidine aminohydrolase. cytosine nucleoside deaminase.
233	histidine kinase. histidine protein kinase. HK1. protein histidine kinase. protein kinase. protein kinase (histidine).
234	histidine--tRNA ligase. histidine translase. histidyl-tRNA synthetase.
235	IMP dehydrogenase. IMP oxidoreductase. inosinate dehydrogenase. inosine 5'-monophosphate dehydrogenase. inosine monophosphate oxidoreductase. inosinic acid dehydrogenase.
236	deoxyribose-phosphate aldolase. 2-deoxy-D-ribose-5-phosphate acetaldehyde-lyase. deoxyriboaldolase. phosphodeoxyriboaldolase.
237	phosphoribosylaminoimidazolesuccinocarboxamide synthase. 4-(N-succinocarboxamide)-5-aminoimidazole synthetase. 4-[(N-succinylamino)carbonyl]-5-aminoimidazole ribonucleotide synthetase. 5-aminoimidazole-4-N-succinocarboxamide ribonucleotide synthetase. phosphoribosylaminoimidazole-succinocarboxamide synthase. phosphoribosylaminoimidazolesuccinocarboxamide synthetase. phosphoribosylaminoimidazole-succinocarboxamide synthetase. SAICARs. SAICAR synthase. SAICAR synthetase.
238	thymidylate synthase. 
239	triacylglycerol lipase. lipase. tributyrase. triglyceride lipase.
240	caspase-3. apopain. CASP-3. CPP32. yama protein.
241	NAD(+) kinase. DPN kinase.
242	nitric-oxide synthase (NADPH). endothelium-derived relaxation factor-forming enzyme. endothelium-derived relaxing factor synthase. NADPH-diaphorase. nitric-oxide synthetase. NO synthase.
243	DNA helicase. 
244	chitinase. 1,4-beta-poly-N-acetylglucosaminidase. chitodextrinase. poly-beta-glucosaminidase.
245	N-acetylmuramoyl-L-alanine amidase. 
246	nicotinate phosphoribosyltransferase. niacin ribonucleotidase. nicotinic acid mononucleotide glycohydrolase. nicotinic acid mononucleotide pyrophosphorylase. nicotinic acid phosphoribosyltransferase.
247	RNA-directed DNA polymerase. DNA nucleotidyltransferase (RNA-directed). reverse transcriptase. revertase.
248	phosphoglycolate phosphatase. 
249	laccase. urishiol oxidase.
250	3-hydroxyacyl-CoA dehydrogenase. beta-hydroxyacyl dehydrogenase. beta-keto-reductase.
251	aspartate carbamoyltransferase. aspartate transcarbamylase. ATCase. carbamoylaspartotranskinase.
252	deoxyribodipyrimidine photo-lyase. DNA photolyase. photoreactivating enzyme.
253	succinate dehydrogenase. fumarate reductase (menaquinone). succinate dehydrogenase (menaquinone). succinate dehydrogenase (quinone). succinate dehydrogenase (ubiquinone). succinic dehydrogenase.
254	calcium/calmodulin-dependent protein kinase. Ca(2+)/calmodulin-dependent microtubule-associated protein 2 kinase. Ca(2+)/calmodulin-dependent protein kinase 1. Ca(2+)/calmodulin-dependent protein kinase II. Ca(2+)/calmodulin-dependent protein kinase IV. Ca(2+)/calmodulin-dependent protein kinase kinase. Ca(2+)/calmodulin-dependent protein kinase kinase beta. calcium/calmodulin-dependent protein kinase type II. caldesmon kinase. caldesmon kinase (phosphorylating). calmodulin-dependent kinase II. CaMKI. CaMKII. CaM kinase. CaM kinase II. CaMKIV. CaMKKalpha. CaMKKbeta. CAM PKII. CaM-regulated serine/threonine kinase. microtubule-associated protein 2 kinase.
255	mitogen-activated protein kinase. c-Jun N-terminal kinase. ERK. extracellular signal-regulated kinase. JNK. MAPK. MAP kinase. MBP kinase I. MBP kinase II. microtubule-associated protein 2 kinase. microtubule-associated protein kinase. myelin basic protein kinase. SAPK. stress-activated protein kinase.
256	beta-ketoacyl-[acyl-carrier-protein] synthase I. 3-ketoacyl-acyl carrier protein synthase. 3-oxoacyl-[acyl-carrier-protein] synthase. acyl-malonyl(acyl-carrier-protein)-condensing enzyme. acyl-malonyl acyl carrier protein-condensing enzyme. beta-ketoacyl-[acyl carrier protein] synthase. beta-ketoacyl-ACP synthase I. beta-ketoacyl-ACP synthetase. beta-ketoacyl acyl carrier protein synthase. beta-ketoacyl-acyl carrier protein synthetase. beta-ketoacylsynthase. beta-ketoacyl synthetase. condensing enzyme. fatty acid condensing enzyme. KAS I.
257	mannosyl-oligosaccharide 1,2-alpha-mannosidase. Man9-mannosidase. ManI. mannosidase 1A. mannosidase 1B.
258	RBR-type E3 ubiquitin transferase. 
259	arylamine N-acetyltransferase. arylamine acetylase.
260	glutamate racemase. 
261	quercetin 2,3-dioxygenase. 
262	tyrosinase. cresolase. monophenol monooxygenase. monophenol oxidase. N-acetyl-6-hydroxytryptophan oxidase. phenolase. tyrosine-dopa oxidase.
263	peptide-methionine (S)-S-oxide reductase. methionine S-oxide reductase. methionine S-oxide reductase (S-form oxidizing). methionine sulfoxide reductase. methionine sulfoxide reductase A. methionine sulphoxide reductase A. peptide Met(O) reductase. peptide methionine sulfoxide reductase.
264	thiosulfate sulfurtransferase. rhodanese. thiosulfate cyanide transsulfurase. thiosulfate thiotransferase.
265	lysine--tRNA ligase. lysine translase. lysyl-tRNA synthetase.
266	Transferred entry: 4.6.1.24. 
267	polynucleotide adenylyltransferase. NTP polymerase. poly(A) polymerase. RNA adenylating enzyme.
268	L-lactate dehydrogenase. L-lactic acid dehydrogenase. L-lactic dehydrogenase.
269	nitrite reductase (NO-forming). cd-cytochrome nitrite reductase. cytochrome c-551:O2, NO2(+) oxidoreductase. cytochrome cd. cytochrome cd1. hydroxylamine (acceptor) reductase. methyl viologen-nitrite reductase. nitrite reductase. nitrite reductase (cytochrome; NO-forming). nitrite reductase (cytochrome). Pseudomonas cytochrome oxidase.
270	16S rRNA (adenine(1518)-N(6)/adenine(1519)-N(6))-dimethyltransferase. 
271	ubiquitinyl hydrolase 1. ubiquitin C-terminal hydrolase. ubiquitin thiolesterase.
272	protein-L-isoaspartate(D-aspartate) O-methyltransferase. L-isoaspartyl protein carboxyl methyltransferase. protein beta-aspartate O-methyltransferase. protein D-aspartate methyltransferase. protein L-isoaspartyl methyltransferase.
273	hydroxymethylglutaryl-CoA synthase. (S)-3-hydroxy-3-methylglutaryl-CoA acetoacetyl-CoA-lyase (CoA- acetylating). 3-hydroxy-3-methylglutaryl-CoA synthase. 3-hydroxy-3-methylglutaryl CoA synthetase. 3-hydroxy-3-methylglutaryl coenzyme A synthase. 3-hydroxy-3-methylglutaryl-coenzyme A synthase. 3-hydroxy-3-methylglutaryl coenzyme A synthetase. acetoacetyl coenzyme A transacetase. beta-hydroxy-beta-methylglutaryl-CoA synthase. HMG-CoA synthase. hydroxymethylglutaryl coenzyme alpha-condensing enzyme. hydroxymethylglutaryl coenzyme A synthase.
274	hexokinase. hexokinase type I. hexokinase type II. hexokinase type III. hexokinase type IV (glucokinase).
275	carboxylesterase. ali-esterase. B-esterase. cocaine esterase. methylbutyrase. monobutyrase. procaine esterase.
276	fructokinase. D-fructokinase.
277	ribose-5-phosphate isomerase. 5-phosphoribose isomerase. D-ribose-5-phosphate ketol-isomerase. phosphopentoseisomerase. phosphopentosisomerase. phosphoriboisomerase. ribose 5-phosphate epimerase. ribose phosphate isomerase.
278	6-phosphofructokinase. phosphofructokinase I. phosphohexokinase.
279	3-methyl-2-oxobutanoate dehydrogenase (2-methylpropanoyl-transferring). 2-oxoisocaproate dehydrogenase. 2-oxoisovalerate (lipoate) dehydrogenase. 3-methyl-2-oxobutanoate dehydrogenase (lipoamide). alpha-keto-alpha-methylvalerate dehydrogenase. alpha-ketoisocaproate dehydrogenase. alpha-ketoisocaproic-alpha-keto-alpha-methylvaleric dehydrogenase. alpha-ketoisocaproic dehydrogenase. alpha-ketoisovalerate dehydrogenase. alpha-oxoisocaproate dehydrogenase. BCKDH. BCOAD. branched-chain (-2-oxoacid) dehydrogenase (BCD). branched-chain 2-keto acid dehydrogenase. branched-chain 2-oxo acid dehydrogenase. branched-chain alpha-keto acid dehydrogenase. branched-chain alpha-oxo acid dehydrogenase. branched chain keto acid dehydrogenase. branched-chain ketoacid dehydrogenase. branched-chain keto acid dehydrogenase. dehydrogenase, 2-oxoisovalerate (lipoate).
280	phosphoadenylyl-sulfate reductase (thioredoxin). 3'-phosphoadenylylsulfate reductase. PAdoPS reductase. PAPS reductase. PAPS reductase, thioredoxin-dependent. PAPS sulfotransferase. phosphoadenosine-phosphosulfate reductase. thioredoxin:3'-phospho-adenylylsulfate reductase. thioredoxin:adenosine 3'-phosphate 5'-phosphosulfate reductase.
281	NADPH dehydrogenase. NADPH diaphorase.
282	ribonuclease P. 
283	dihydrolipoyl dehydrogenase. dehydrolipoate dehydrogenase. diaphorase. dihydrolipoamide dehydrogenase. dihydrolipoic dehydrogenase. dihydrothioctic dehydrogenase. E3 component of alpha-ketoacid dehydrogenase complexes. glycine-cleavage system L-protein. LDP-Glc. LDP-Val. lipoamide dehydrogenase (NADH). lipoamide oxidoreductase (NADH). lipoamide reductase. lipoamide reductase (NADH). lipoate dehydrogenase. lipoic acid dehydrogenase. lipoyl dehydrogenase. L-protein.
284	alpha,alpha-trehalose-phosphate synthase (UDP-forming). transglucosylase. trehalose 6-phosphate synthase. trehalose 6-phosphate synthetase. trehalose phosphate synthase. trehalose phosphate synthetase. trehalosephosphate-UDP glucosyltransferase. UDP-glucose--glucose-phosphate glucosyltransferase.
285	glutathione-disulfide reductase. glutathione reductase. glutathione reductase (NADPH). glutathione S-reductase. GSH reductase. GSSG reductase. NADPH:oxidized-glutathione oxidoreductase. NADPH-glutathione reductase. NADPH-GSSG reductase.
286	acetolactate synthase. acetohydroxyacid synthase. acetohydroxy acid synthetase. acetolactate pyruvate-lyase (carboxylating). acetolactic synthetase. alpha-acetohydroxyacid synthase. alpha-acetohydroxy acid synthetase. alpha-acetolactate synthase. alpha-acetolactate synthetase.
287	3-phytase. 1-phytase. myo-inositol-hexakisphosphate 3-phosphohydrolase. phytase. phytate 1-phosphatase. phytate 3-phosphatase. phytate 6-phosphatase.
288	GMP synthase (glutamine-hydrolyzing). GMP synthetase (glutamine-hydrolyzing).
289	acetylglutamate kinase. 
290	Transferred entry: 4.3.3.7. 
291	5-oxoprolinase (ATP-hydrolyzing). 5-OPase. 5-oxo-L-prolinase. pyroglutamase (ATP-hydrolyzing).
292	chloride peroxidase. chloroperoxidase. CPO. vanadium haloperoxidase.
293	acetylxylan esterase. 
294	ribose-phosphate diphosphokinase. Phosphoribosyl diphosphate synthetase. Phosphoribosyl pyrophosphate synthetase. ribose-phosphate pyrophosphokinase.
295	adenosine kinase. 
296	methionine--tRNA ligase. methionine translase. methionyl-transfer ribonucleate synthetase. methionyl-transfer ribonucleic acid synthetase. methionyl-transfer RNA synthetase. methionyl-tRNA synthetase. MetRS.
297	adenine phosphoribosyltransferase. AMP diphosphorylase. AMP pyrophosphorylase. APRT. transphosphoribosidase.
298	penicillin amidase. penicillin acylase.
299	thioredoxin-disulfide reductase. NADPH:oxidized thioredoxin oxidoreductase. NADPH--thioredoxin reductase. NADP--thioredoxin reductase. thioredoxin reductase (NADPH).
300	ribonuclease H. endoribonuclease H. RNase H.
301	ribonucleoside-diphosphate reductase. ribonucleotide reductase.
302	ferredoxin:protochlorophyllide reductase (ATP-dependent). light-independent protochlorophyllide reductase.
303	[histone H3]-lysine(4) N-trimethyltransferase. 
304	6-phosphogluconolactonase. 
305	shikimate dehydrogenase (NADP(+)). 5-dehydroshikimate reductase. 5-dehydroshikimic reductase. dehydroshikimic reductase. DHS reductase. shikimate 5-dehydrogenase. shikimate dehydrogenase. shikimate oxidoreductase.
306	dynamin GTPase. 
307	o-succinylbenzoate synthase. 2-succinylbenzoate synthase. OSBS. OSB synthase. o-succinylbenzoic acid synthase.
308	malate dehydrogenase. malic dehydrogenase.
309	histidinol-phosphate transaminase. Histidinol-phosphate aminotransferase. Imidazole acetol-phosphate transaminase. imidazolylacetolphosphate aminotransferase.
310	ferroxidase. ceruloplasmin. HEPH. hephaestin.
311	adenosylhomocysteine nucleosidase. 5'-methyladenosine nucleosidase. AdoHcy/MTA nucleosidase. S-adenosylhomocysteine/5'-methylthioadenosine nucleosidase. S-adenosylhomocysteine hydrolase. S-adenosylhomocysteine nucleosidase.
312	ribonuclease III. ribonuclease 3. RNase III.
313	succinate--CoA ligase (ADP-forming). succinate thiokinase. succinyl-CoA synthetase (ADP-forming).
314	diacylglycerol kinase (ATP). DGK. diglyceride kinase.
315	uracil phosphoribosyltransferase. UMP diphosphorylase. UMP pyrophosphorylase.
316	2-isopropylmalate synthase. 3-carboxy-3-hydroxy-4-methylpentanoate 3-methyl-2-oxobutanoate-lyase (CoA-acetylating). alpha-IPM synthetase. alpha-isopropylmalate synthase. alpha-isopropylmalate synthetase. alpha-isopropylmalic synthetase. isopropylmalate synthase. isopropylmalate synthetase.
317	P-type Cu(+) transporter. Cu(+)-exporting ATPase.
318	urease. 
319	mitogen-activated protein kinase kinase. MAP2K. MAP kinase kinase. MAPKK. MEK. MKK.
320	thymidine kinase. 
321	non-specific protein-tyrosine kinase. cytoplasmic protein tyrosine kinase.
322	corrinoid adenosyltransferase. aquacob(I)alamin adenosyltransferase. aquocob(I)alamin vitamin B12s adenosyltransferase. ATP:cob(I)alamin Cobeta-adenosyltransferase. ATP:corrinoid adenosyltransferase. cob(I)alamin adenosyltransferase. cob(I)yrinic acid a,c-diamide adenosyltransferase.
323	purine-nucleoside phosphorylase. inosine phosphorylase. PNPase.
324	aminomethyltransferase. glycine-cleavage system T-protein. glycine synthase. tetrahydrofolate aminomethyltransferase.
325	peptidylprolyl isomerase. cyclophilin. peptidylprolyl cis-trans isomerase. peptidyl-prolyl cis-trans isomerase. PPIase. rotamase.
326	dephospho-CoA kinase. dephosphocoenzyme A kinase.
327	branched-chain-amino-acid transaminase. branched-chain amino acid aminotransferase. transaminase B.
328	pyridoxal 5'-phosphate synthase. PMP oxidase. pyridoxamine 5'-phosphate oxidase. pyridoxamine phosphate oxidase. pyridoxamine-phosphate oxidase. pyridoxine (pyridoxamine) 5'-phosphate oxidase. pyridoxine (pyridoxamine)phosphate oxidase.
329	spermidine synthase. aminopropyltransferase. putrescine aminopropyltransferase.
330	chorismate mutase. hydroxyphenylpyruvate synthase.
331	ferredoxin--NADP(+) reductase. 
332	NAD(+) ADP-ribosyltransferase. ADP-ribosyltransferase (polymerizing). poly(adenosine diphosphate ribose) polymerase. poly(ADP-ribose)polymerase. poly(ADP-ribose) synthetase.
333	protein-glutamine gamma-glutamyltransferase. fibrinoligase. glutaminylpeptide gamma-glutamyltransferase. polyamine transglutaminase. TGase. transglutaminase.
334	aminoacyl-tRNA hydrolase. peptidyl-tRNA hydrolase.
335	complement subcomponent C1s. C1s esterase.
336	mannosyl-glycoprotein endo-beta-N-acetylglucosaminidase. di-N-acetylchitobiosyl beta-N-acetylglucosaminidase. endo-beta-N-acetylglucosaminidase.
337	DNA-directed DNA polymerase. DNA-dependent DNA polymerase. DNA nucleotidyltransferase (DNA-directed).
338	histone deacetylase. HDAC.
339	4-alpha-glucanotransferase. D-enzyme. dextrin glycosyltransferase. disproportionating enzyme. oligo-1,4-1,4-glucantransferase.
340	2-C-methyl-D-erythritol 2,4-cyclodiphosphate synthase. MECDP-synthase.
341	3-hydroxyacyl-[acyl-carrier-protein] dehydratase. (3R)-3-hydroxyoctanoyl-[acyl-carrier-protein] hydro-lyase. 3-hydroxyoctanoyl-[acyl-carrier-protein] dehydratase. beta-hydroxyoctanoyl-ACP-dehydrase. beta-hydroxyoctanoyl-acyl carrier protein dehydrase. beta-hydroxyoctanoyl thioester dehydratase. D-3-hydroxyoctanoyl-[acyl carrier protein] dehydratase.
342	unspecific monooxygenase. aryl-4-monooxygenase. aryl hydrocarbon hydroxylase. cytochrome P450. flavoprotein-linked monooxygenase. microsomal monooxygenase. microsomal P450. xenobiotic monooxygenase.
343	catalase. 
344	phosphoserine phosphatase. 
345	beta-fructofuranosidase. beta-fructosidase. invertase. saccharase.
346	pyridoxal kinase. pyridoxamine kinase. pyridoxine kinase. vitamin B(6) kinase. vitamin B6 kinase.
347	pantoate--beta-alanine ligase (AMP-forming). pantoate-activating enzyme. pantoic-activating enzyme. pantothenate synthetase.
348	Xaa-Pro dipeptidase. gamma-peptidase. imidodipeptidase. peptidase D. prolidase. proline dipeptidase. X-Pro dipeptidase.
349	UDP-glucose 4-epimerase. galactowaldenase. UDP-galactose 4-epimerase. uridine diphosphate galactose 4-epimerase. uridine diphospho-galactose-4-epimerase.
350	thrombin. fibrinogenase.
351	lysozyme. muramidase.
352	pyruvate kinase. phosphoenolpyruvate kinase. phosphoenol transphosphorylase.
353	RNA helicase. 
354	thiol oxidase. sulfhydryl oxidase.
355	4-hydroxy-tetrahydrodipicolinate reductase. dihydrodipicolinate reductase.
356	alkaline phosphatase. alkaline phosphomonoesterase. glycerophosphatase. phosphomonoesterase.
357	non-specific serine/threonine protein kinase. protein phosphokinase. protein serine kinase. protein-serine kinase. protein serine-threonine kinase. serine/threonine protein kinase. serine(threonine) protein kinase. serine kinase. serine protein kinase. serine-specific protein kinase. threonine-specific protein kinase.
358	5'-nucleotidase. 
359	protein acetyllysine N-acetyltransferase. NAD(+)-dependent protein deacetylase. protein lysine deacetylase.
360	site-specific DNA-methyltransferase (adenine-specific). modification methylase. N-6 adenine-specific DNA methylase. restriction-modification system.
361	hypoxanthine phosphoribosyltransferase. guanine phosphoribosyltransferase. HGPRTase. hypoxanthine-guanine phosphoribosyltransferase. IMP diphosphorylase. IMP pyrophosphorylase. transphosphoribosidase.
362	nucleotide diphosphatase. dinucleotide nucleotidohydrolase. nucleoside-triphosphate diphosphatase. nucleotide pyrophosphatase.
363	lipoate--protein ligase. lipoate protein ligase. lipoate-protein ligase A. LPL.
364	ornithine carbamoyltransferase. citrulline phosphorylase. ornithine transcarbamylase. OTC. OTCase.
365	peptide deformylase. PDF. polypeptide deformylase.
366	Deleted entry. 
367	coagulation factor Xa. prothrombase. prothrombinase. Stuart factor. thrombokinase.
368	exodeoxyribonuclease III. E.coli exonuclease III. exonuclease III.
369	Transferred entry: 1.11.1.24, 1.11.1.25, 1.11.1.26, 1.11.1.27, 1.11.1.28and 1.11.1.29. 
370	glutathione peroxidase. 
371	glucan endo-1,3-beta-D-glucosidase. (1->3)-beta-glucan endohydrolase. endo-1,3-beta-glucanase. laminarinase.
372	dUTP diphosphatase. deoxyuridine-triphosphatase. desoxyuridine 5'-triphosphatase. desoxyuridine 5'-triphosphate nucleotidohydrolase. dUTPase. dUTP pyrophosphatase.
373	[acyl-carrier-protein] S-malonyltransferase. acyl carrier protein malonyltransferase. malonyl-CoA/dephospho-CoA acyltransferase. malonyl-CoA-acyl carrier protein transacylase. malonyl coenzyme A-acyl carrier protein transacylase. malonyl transacylase. malonyl transferase. MCAT.
374	serine--tRNA ligase. serine translase. SerRS. seryl-transfer ribonucleate synthetase. seryl-transfer ribonucleic acid synthetase. seryl-transfer RNA synthetase. seryl-tRNA synthetase.
375	Transferred entry: 2.7.1.191, 2.7.1.192, 2.7.1.193, 2.7.1.194, 2.7.1.195,2.7.1.196, 2.7.1.197, 2.7.1.198, 2.7.1.199, 2.7.1.200, 2.7.1.201,2.7.1.202, 2.7.1.203, 2.7.1.204, 2.7.1.205, 2.7.1.206, 2.7.1.207 and2.7.1.208. 
376	acid phosphatase. acid phosphomonoesterase. glycerophosphatase. phosphomonoesterase.
377	dihydrolipoyllysine-residue acetyltransferase. acetyl-CoA:dihydrolipoamide S-acetyltransferase. dihydrolipoamide S-acetyltransferase. dihydrolipoate acetyltransferase. dihydrolipoic transacetylase. dihydrolipoyl acetyltransferase. lipoate acetyltransferase. lipoate transacetylase. lipoic acetyltransferase. lipoic acid acetyltransferase. lipoic transacetylase. lipoylacetyltransferase. thioltransacetylase A. transacetylase X.
378	3',5'-cyclic-GMP phosphodiesterase. 
379	bacterial non-heme ferritin. 
380	aldehyde dehydrogenase (NAD(+)). 
381	cellulose 1,4-beta-cellobiosidase (non-reducing end). 1,4-beta-cellobiohydrolase. 4-beta-D-glucan cellobiohydrolase (non-reducing end). avicelase. exo-1,4-beta-D-glucanase. exocellobiohydrolase. exoglucanase.
382	asparaginase. L-asparaginase. L-asparagine amidohydrolase.
383	polyribonucleotide nucleotidyltransferase. polynucleotide phosphorylase.
